url,住所,書店名称,郵便番号,都道府県,電話番号
http://www.coachandfour.ne.jp/,北海道札幌市北区新川三条18丁目1-1,コーチャンフォー新川通り店,〒001-0923,北海道,011-769-4000
http://www.coachandfour.ne.jp/,北海道札幌市清田区美しが丘一条5丁目2-1,コーチャンフォー美しが丘店,〒004-0811,北海道,011-889-2000
http://yushodo.maruzen.co.jp/,北海道札幌市手稲区前田七条15-4-1 北海道工業大学図書館1F,丸善キャンパスショップHIT店,〒006-8585,北海道,011-688-0017
http://store-tsutaya.tsite.jp/storelocator/detail/0270.html,北海道函館市石川町85-1,蔦屋書店函館店,〒041-0802,北海道,0138-47-3771
http://www.books-sanseido.co.jp/,北海道札幌市中央区北五条西2-5 JRﾀﾜｰ札幌ｽﾃﾗﾌﾟﾚｲｽ5F,三省堂書店札幌店,〒060-0005,北海道,011-209-5600
http://www.kinokuniya.co.jp/,北海道札幌市中央区北五条西5-7 sapporo55,紀伊國屋書店札幌本店,〒060-0005,北海道,011-231-2131
http://honto.jp/store/detail_1570046_14HB320.html,北海道札幌市中央区南一条西1-8-2 丸井今井南館内,MARUZEN＆ジュンク堂書店札幌店,〒060-0061,北海道,011-223-1911
http://www.yodobashi.com/,北海道札幌市北区北六条西5-1-22,ヨドバシカメラ札幌店,〒060-0806,北海道,011-242-1010
http://www.coachandfour.ne.jp/,北海道札幌市豊平区中の島一条13-1-1,コーチャンフォーミュンヘン大橋店,〒062-0921,北海道,011-817-4000
http://honto.jp/store/detail_1570068_14HB320.html,北海道旭川市1条通8丁目108番地 ﾌｨｰﾙ旭川1-5F,ジュンク堂書店旭川店,〒070-0040,北海道,0166-26-1120
http://www.coachandfour.ne.jp/,北海道旭川市宮前1条2丁目4番1号,コーチャンフォー旭川店,〒078-8391,北海道,0166-76-4000
http://www.zahon.jp/,北海道帯広市西四条南12-3 長崎屋帯広店4F,喜久屋書店帯広店,〒080-0014,北海道,0155-66-7799
http://www.coachandfour.ne.jp/,北海道釧路市春採7-1-24,コーチャンフォー釧路店,〒085-0813,北海道,0154-46-7777
http://www.coachandfour.ne.jp/,北海道北見市並木町523,コーチャンフォー北見店,〒090-0012,北海道,0157-26-1122
http://www.todabooks.co.jp/,青森県青森市浜田字玉川196-11,戸田書店青森店,〒030-0843,青森県,017-762-1815
http://honto.jp/store/detail_1570101_14HB320.html,青森県弘前市土手町49-1 中三百貨店弘前店6F･7F,ジュンク堂書店弘前中三店,〒036-8182,青森県,0172-34-3131
http://www.ikichi.co.jp/,青森県八戸市河原木字神才6-1,伊吉書院西店,〒039-1161,青森県,0178-28-8211
http://honto.jp/store/detail_1570037_14HB320.html,岩手県盛岡市大通2-8-14 MOSSﾋﾞﾙ3F･4F,ジュンク堂書店盛岡店,〒020-0022,岩手県,019-601-6161
http://www.marukan-group.jp/msexpo/,岩手県盛岡市みたけ3-36-1,エムズエクスポ盛岡店,〒020-0122,岩手県,019-648-7100
http://store-tsutaya.tsite.jp/storelocator/detail/0424.html,岩手県盛岡市本宮4-40-20,蔦屋書店盛岡店,〒020-0866,岩手県,019-656-4747
http://honto.jp/store/detail_1570020_14HB320.html,宮城県仙台市青葉区中央3-6-1 仙台TRﾋﾞﾙB1F,ジュンク堂書店仙台ＴＲ店,〒980-0021,宮城県,022-265-5656
http://honto.jp/store/detail_1577780_14HB310.html,宮城県仙台市青葉区中央1丁目3-1 AER1F,丸善仙台アエル店,〒980-6101,宮城県,022-264-0151
http://booksyamatoya.co.jp/mitsukoshi/,宮城県仙台市青葉区一番町4-8-15 仙台三越定禅寺通り館B2F,ヤマト屋書店仙台三越店,〒980-8543,宮城県,022-393-8541
http://www.topculture.co.jp/,宮城県仙台市泉区大沢2-12-4,蔦屋書店仙台泉店,〒981-3137,宮城県,022-772-2011
http://booksyamatoya.co.jp,宮城県仙台市泉区長命ヶ丘2-21-1 BRANCH仙台内,ヤマト屋書店長命ヶ丘店,〒981-3212,宮城県,022-342-0611
http://www.yodobashi.com/,宮城県仙台市宮城野区榴岡1-3-1,ヨドバシカメラ仙台店,〒983-0852,宮城県,022-295-1010
https://honto.jp/store/detail_1570039_14HB320.html,秋田県秋田市千秋久保田町4-2 秋田ｵｰﾊﾟ6F,ジュンク堂書店秋田店,〒010-0874,秋田県,018-884-1370
http://www.miyawakishoten.com/,秋田県秋田市中通2-8-1 ﾌｫﾝﾃ秋田店5F,宮脇書店秋田本店,〒010-8522,秋田県,018-825-5515
,福島県郡山市田村町徳定字中河原1 日大工学部厚生ｾﾝﾀｰ内,紀尚堂日大売店,〒963-1165,福島県,024-943-0291
http://honto.jp/store/detail_1570064_14HB320.html,福島県郡山市中町13-1 うすい百貨店9F,ジュンク堂書店郡山店,〒963-8004,福島県,024-927-0440
http://www.uranus.dti.ne.jp/~b-midori/index.htm,福島県郡山市下亀田16-16,みどり書房桑野店,〒963-8032,福島県,024-939-0047
http://www.iwasebooks.co.jp/,福島県郡山市富久山町八山田字大森新田36-1,岩瀬書店富久山店,〒963-8051,福島県,024-936-2220
http://www.kinokuniya.co.jp/,福島県会津若松市一箕町鶴賀字上居合90,会津大学ブックセンター,〒965-8580,福島県,0242-33-0773
http://yushodo.maruzen.co.jp/,茨城県つくば市天久保3-9-1,丸善筑波支店第三学群売店,〒305-0005,茨城県,029-858-0422
http://yushodo.maruzen.co.jp/,茨城県つくば市天王台1-1-1,丸善筑波支店大学会館売店,〒305-0006,茨城県,029-858-0409
http://www.kumabook.net/,茨城県つくば市研究学園C50街区1 ｲｰｱｽつくば3F,アカデミアイーアスつくば店,〒305-0817,茨城県,029-868-7407
http://www.topculture.co.jp/,茨城県ひたちなか市新光町30-4,蔦屋書店ひたちなか店,〒312-0005,茨城県,029-265-2300
http://www.wonder.co.jp/,茨城県日立市鮎川町1-3-3,WonderGOO日立中央店,〒316-0036,茨城県,0294-28-5130
http://www.miraiyashoten.co.jp/,茨城県水戸市中原町字西135 ｲｵﾝﾓｰﾙ水戸内原店2F,未来屋書店水戸内原店,〒319-0305,茨城県,029-259-9151
http://www.blg.co.jp/kikuya/,栃木県宇都宮市馬場通り2-3-12 MEGAﾄﾞﾝｷ･ﾗﾊﾟｰｸ宇都宮店5階･6階,喜久屋書店宇都宮店,〒320-0026,栃木県,028-614-5222
http://www.ochiai-bc.co.jp/,栃木県宇都宮市宝木町1-3-135,落合書店宝木店,〒320-0061,栃木県,028-650-2211
http://www.ochiai-bc.co.jp/,栃木県宇都宮市陽東6-2-1 ｲﾄｰﾖｰｶﾄﾞｰ2F,落合書店イトーヨーカドー店,〒321-0904,栃木県,028-613-1313
http://www.todabooks.co.jp/,群馬県高崎市下小鳥町438-1,戸田書店高崎店,〒370-0074,群馬県,027-363-5110
http://www.kinokuniya.co.jp/,群馬県前橋市文京町2-1-1 けやきｳｫｰｸ前橋1F,紀伊國屋書店前橋店,〒371-0801,群馬県,027-220-1830
http://www.bunshindo.co.jp/,群馬県前橋市大渡町2-3-1,ブックマンズアカデミー前橋店,〒371-0854,群馬県,027-280-3322
http://www.blg.co.jp/kikuya/,群馬県太田市石原町81 ｲｵﾝﾓｰﾙ太田2F,喜久屋書店太田店,〒373-0808,群馬県,0276-47-8723
http://www.bunshindo.co.jp/,群馬県太田市新井町502-2,ブックマンズアカデミー太田店,〒373-0852,群馬県,0276-40-1900
http://www.topculture.co.jp/,群馬県前橋市新堀町940番 ﾊﾟﾜｰﾓｰﾙ前橋南,蔦屋書店前橋みなみモール店,〒379-2143,群馬県,027-210-0886
http://www.kinokuniya.co.jp/,埼玉県さいたま市浦和区東高砂町11-1 浦和ﾊﾟﾙｺ5F,紀伊國屋書店浦和店,〒330-0055,埼玉県,048-871-2760
http://www.suharaya.co.jp/information/?id=1,埼玉県さいたま市浦和区仲町2-3-20,須原屋本店,〒330-0062,埼玉県,048-822-5321
http://honto.jp/store/detail_1570024_14HB320.html,埼玉県さいたま市大宮区大門町1-32 大宮高島屋7F,ジュンク堂書店大宮高島屋店,〒330-8511,埼玉県,048-640-3111
http://www.kinokuniya.co.jp/,埼玉県さいたま市大宮区吉敷町4-267-2 ｺｸｰﾝ新都心1F,紀伊國屋書店さいたま新都心店,〒330-9559,埼玉県,048-600-0830
http://honto.jp/store/detail_1500228_14HB330.html,埼玉県川口市川口1-1-1 ｷｭﾎﾟ･ﾗ3F,文教堂書店川口駅店,〒332-0015,埼玉県,048-227-4821
http://www.suharaya.co.jp/information/?id=4,埼玉県さいたま市南区別所7-6-8-209,須原屋武蔵浦和店,〒336-0021,埼玉県,048-872-0550
http://www.asahiya.com/shop/index.asp,埼玉県さいたま市緑区大門3710 ｲｵﾝ浦和美園ｼｮｯﾋﾟﾝｸﾞｾﾝﾀｰ3F,旭屋書店イオン浦和美園店,〒336-8760,埼玉県,048-812-2123
http://www.syoraku.co.jp/,埼玉県さいたま市中央区上落合2-3-5 ｱﾙｰｻB館,ブックデポ書楽,〒338-0001,埼玉県,048-859-4946
http://www.asahiya.com/shop/index.asp,埼玉県越谷市南越谷1-11-4 VARIE越谷3F,旭屋書店新越谷店,〒343-0845,埼玉県,048-985-5501
,埼玉県比企郡鳩山町石坂486-81 東京電機大学鳩山校舎内,錦電サービス,〒350-0311,埼玉県,049-296-2962
http://www.book1st.net/,埼玉県川越市脇田本町39-19 ﾙﾐﾈ川越店4F,ブックファーストルミネ川越店,〒350-1123,埼玉県,049-240-6212
http://www.asahiya.com/shop/index.asp,埼玉県新座市東北2-38-10 ｴｽﾃｨﾄｽｶ3F,旭屋書店志木店,〒352-0001,埼玉県,048-487-6165
http://honto.jp/store/detail_1570147_14HB310.html,埼玉県桶川市若宮1丁目5番2号 桶川ﾏｲﾝ3F,丸善桶川店,〒363-0022,埼玉県,048-789-0011
http://www.books-sanseido.co.jp/,千葉県千葉市中央区新町1000 そごう千葉店9F,三省堂書店そごう千葉店,〒260-0028,千葉県,043-245-8331
http://www.kumabook.net/,千葉県千葉市中央区新千葉1-1-1 ﾍﾟﾘｴ千葉6階,くまざわ書店ペリエ千葉店,〒260-0031,千葉県,043-202-2900
http://store-tsutaya.tsite.jp/storelocator/detail/1548.html,千葉県千葉市美浜区豊砂1-1 ｲｵﾝﾓｰﾙ幕張新都心ｸﾞﾗﾝﾄﾞﾓｰﾙ1F,蔦屋書店イオンモール幕張新都心店,〒261-0014,千葉県,043-306-7361
http://www.kumabook.net/,千葉県千葉市美浜区ひび野2-4 ﾌﾟﾚﾅ幕張3F,くまざわ書店プレナ幕張店,〒261-0021,千葉県,043-296-7531
http://www.kinokuniya.co.jp/,千葉県流山市西初石6-185-2 流山おおたかの森SC2F,紀伊國屋書店流山おおたかの森店,〒270-0121,千葉県,04-7156-6111
http://www.blg.co.jp/kikuya/,千葉県印西市中央北3-2 ｲｵﾝﾓｰﾙ千葉ﾆｭｰﾀｳﾝ3F,喜久屋書店千葉ニュータウン店,〒270-1350,千葉県,0476-40-7732
,千葉県松戸市松戸1307-1 KITE MITE MATSUDO 7F,喜久屋書店松戸店,〒271-0092,千葉県,
http://www.fukuya-shoten.jp/,千葉県市川市鬼高1-1-1 ﾆｯｹｺﾙﾄﾝﾌﾟﾗｻﾞ3F,福家書店市川店,〒272-0015,千葉県,047-379-0298
http://www.asahiya.com/shop/index.asp,千葉県船橋市本町7-1-1 船橋東武5F,旭屋書店船橋店,〒273-0005,千葉県,047-424-7331
http://honto.jp/store/detail_1570159_14HB320.html,千葉県船橋市浜町2-2-7 ﾋﾞﾋﾞｯﾄ南船橋1階,ジュンク堂書店南船橋店,〒273-0012,千葉県,047-401-0330
http://www.gansuidou.co.jp,千葉県船橋市習志野台7-25-16,巖翠堂北習志野店,〒274-0063,千葉県,047-465-0926
http://www.kumabook.net/,千葉県習志野市津田沼1-1-1 ﾎﾃﾙﾒｯﾂ津田沼5F,くまざわ書店津田沼店,〒275-0016,千葉県,047-475-8311
http://honto.jp/store/detail_1574700_14HB310.html,千葉県習志野市谷津7-7-1 ﾌﾞﾛｯｸB棟2F･3F,丸善津田沼店,〒275-0026,千葉県,047-470-8311
https://honto.jp/store/detail_1570164_14HB320.html,千葉県柏市柏1-2-26 柏ﾓﾃﾞｨ5階,ジュンク堂書店柏モディ店,〒277-0005,千葉県,04-7168-0215
http://www.katsuki-books.jp/,千葉県柏市若柴175 ららぽｰと柏の葉3F,KaBoSららぽーと柏の葉店,〒277-8518,千葉県,04-7168-1760
http://www.topculture.co.jp/,千葉県茂原市六ﾂ野八貫野2785-1,蔦屋書店茂原店,〒297-0012,千葉県,0475-27-2332
http://www.books-sanseido.co.jp/,東京都千代田区有楽町2-10-1 東京交通会館2F,三省堂書店有楽町店,〒100-0006,東京都,03-5222-1200
http://www.biccamera.com/,東京都千代田区有楽町1-11-1,ビックカメラ有楽町店,〒100-0006,東京都,03-5221-1111
http://honto.jp/store/detail_1572000_14HB310.html,東京都千代田区丸の内1-6-4 丸の内OAZO内,丸善丸の内本店,〒100-8203,東京都,03-5288-8881
http://www.shosen.co.jp/,東京都千代田区神田佐久間町1-11-1,書泉ブックタワー,〒101-0025,東京都,03-5296-0051
http://www.yodobashi.com/,東京都千代田区神田花岡町1-1,ヨドバシカメラマルチメディアAKIBA店,〒101-0028,東京都,03-5209-1010
http://www.yurindo.co.jp/,東京都千代田区神田花岡町1-1 ﾖﾄﾞﾊﾞｼAKIBA7F,有隣堂ヨドバシAKIBA店,〒101-0028,東京都,03-5298-7474
http://www.shosen.co.jp/,東京都千代田区神田神保町1-3-2,書泉グランデ,〒101-0051,東京都,03-3295-0011
http://www.books-sanseido.co.jp/,東京都千代田区神田神保町1-1,三省堂書店神保町本店,〒101-0051,東京都,03-3233-3312
http://honto.jp/store/detail_1571100_14HB310.html,東京都千代田区神田駿河台2-8 瀬川ﾋﾞﾙ1F,丸善お茶の水店,〒101-0062,東京都,03-3295-5581
http://honto.jp/store/detail_1500195_14HB330.html,東京都千代田区五番町3-1 五番町ｸﾞﾗﾝﾄﾞﾋﾞﾙ1F,文教堂書店市ヶ谷店,〒102-0076,東京都,03-3556-0632
http://honto.jp/store/detail_1575100_14HB310.html,東京都中央区日本橋2-3-10,丸善日本橋店,〒103-8245,東京都,03-6214-2001
http://www.yaesu-book.co.jp/,東京都中央区八重洲2丁目5-1,八重洲ブックセンター八重洲本店,〒104-8456,東京都,03-3281-8203
http://honto.jp/store/detail_1535009_14HB330.html,東京都港区浜松町2-4-1 世界貿易ｾﾝﾀｰﾋﾞﾙ別館2F,談･文教堂浜松町店,〒105-6102,東京都,03-3437-5540
http://www.aoishoten.co.jp/index.html,東京都港区六本木6丁目1-24 ﾗﾋﾟﾛｽ六本木1F,ブックファースト六本木店,〒106-0032,東京都,03-3403-0327
http://honto.jp/store/detail_1500112_14HB330.html,東京都港区赤坂2-14-17 国際新赤坂ﾋﾞﾙ東館1F,文教堂書店赤坂店,〒107-0052,東京都,03-5573-4321
http://www.kumabook.net/,東京都港区芝浦3-1-21 田町ｽﾃｰｼｮﾝﾀﾜｰS棟4階,くまざわ書店田町店,〒108-0023,東京都,03-5476-0510
http://www.kumabook.net/,東京都港区港南2-15-2 品川ｲﾝﾀｰｼﾃｨA棟2F,くまざわ書店品川店,〒108-6002,東京都,03-3472-0481
http://www.chudai-seikyo.or.jp/,東京都文京区春日1-13-27,中央大学生協理工店,〒112-8551,東京都,03-3814-5928
,東京都文京区本郷7-3-1,東京大学生協本郷書籍部,〒113-0033,東京都,03-5841-2420
http://honto.jp/store/detail_1535008_14HB330.html,東京都北区赤羽1-7-9 METS赤羽第一葉山ﾋﾞﾙ,談･文教堂赤羽店,〒115-0045,東京都,03-5249-2601
http://www.kumabook.net/,東京都墨田区錦糸2-2-1 ｱﾙｶｷｯﾄ錦糸町9F,くまざわ書店錦糸町店,〒130-0013,東京都,03-5610-3034
http://www.yodobashi.com/,東京都墨田区江東橋3-14-5 ﾃﾙﾐﾅ2F,ヨドバシカメラ錦糸町店,〒130-0022,東京都,03-3632-1010
http://www.kinokuniya.co.jp/,東京都江東区豊洲2-4-9 ｱｰﾊﾞﾝﾄﾞｯｸららぽｰと豊洲3F,紀伊國屋書店ららぽーと豊洲店,〒135-8614,東京都,03-3533-4361
http://www.miraiyashoten.co.jp/,東京都品川区東品川4-12-5 ｲｵﾝ品川ｼｰｻｲﾄﾞSC3F,未来屋書店品川シーサイド店,〒140-0002,東京都,03-5783-9737
http://www.yurindo.co.jp/,東京都品川区大井1-2-1 ｱﾄﾚ大井町店5F5130,有隣堂アトレ大井町店,〒140-0014,東京都,03-5709-7361
http://www.yurindo.co.jp/,東京都品川区上大崎2-16-7 ｱﾄﾚ目黒1 B館3F,有隣堂アトレ目黒店,〒141-0021,東京都,03-3442-1231
http://www.book1st.net/,東京都品川区東五反田2-1-2 ﾚﾐｨ五反田7F,ブックファーストレミィ五反田店,〒141-0022,東京都,03-6408-1811
http://www.book1st.net/,東京都大田区大森北1-6-16 ｱﾄﾚ大森4F,ブックファーストアトレ大森店,〒143-0016,東京都,03-5767-6831
http://www.kumabook.net/,東京都大田区西蒲田7-69-1 東急ﾌﾟﾗｻﾞ蒲田6F,ACADEMIA東急プラザ蒲田店,〒144-0051,東京都,03-5480-7771
http://www.yurindo.co.jp/,東京都大田区西蒲田7-68-1 ｸﾞﾗﾝﾃﾞｭｵ蒲田西館6F,有隣堂グランディオ蒲田店,〒144-0051,東京都,03-5703-1921
http://www.kumabook.net/,東京都大田区蒲田5-13-1 ｸﾞﾗﾝﾃﾞｭｵ蒲田東館6F,くまざわ書店蒲田店,〒144-0052,東京都,03-3737-5351
http://www.yurindo.co.jp/,東京都渋谷区恵比寿南1-5-5 ｱﾄﾚ恵比寿5F 5080,有隣堂アトレ恵比寿店,〒150-0022,東京都,03-5475-8384
http://booklabtokyo.com/,東京都渋谷区道玄坂2-10-7 新大宗ﾋﾞﾙ1号館2F,BOOK LAB TOKYO,〒150-0043,東京都,070-1798-8789
http://www.keibundo.co.jp/,東京都渋谷区道玄坂1-4-19 井の頭線渋谷駅 西口改札前,啓文堂書店渋谷店,〒150-0043,東京都,03-5784-3800
http://honto.jp/store/detail_1570061_14HB320.html,東京都渋谷区道玄坂2-24-1 東急百貨店本店7F,MARUZEN＆ジュンク堂書店渋谷店,〒150-8019,東京都,03-5456-2111
http://www.kyobundo.co.jp/,東京都目黒区鷹番3-3-19,恭文堂書店,〒152-0004,東京都,03-3712-4049
http://honto.jp/store/detail_1500264_14HB330.html,東京都世田谷区玉川2-21-1 二子玉川ﾗｲｽﾞｼｮｯﾋﾟﾝｸﾞｾﾝﾀｰ ﾀｳﾝﾌﾛﾝﾄ6F,文教堂書店二子玉川店,〒158-0094,東京都,03-5797-5168
http://www.kinokuniya.co.jp/,東京都世田谷区玉川3-17-1 玉川高島屋ｼｮｯﾋﾟﾝｸﾞｾﾝﾀｰ南館5F,紀伊國屋書店玉川高島屋店,〒158-0094,東京都,03-3709-2091
http://www.biccamera.com/,東京都新宿区新宿3-29-1,ビックロビックカメラ新宿東口店,〒160-0022,東京都,03-3226-1111
http://www.yodobashi.com/,東京都新宿区西新宿1-11-1,ヨドバシカメラ新宿西口店マルチメディア館,〒160-0023,東京都,03-3346-1010
http://www.kumabook.net/,東京都新宿区西新宿3-20-2 東京ｵﾍﾟﾗｼﾃｨ2F,くまざわ書店オペラシティ店,〒160-0023,東京都,03-5334-6066
http://www.book1st.net/,東京都新宿区西新宿1-7-3 ﾓｰﾄﾞ学園ｺｸｰﾝﾀﾜｰ内,ブックファースト新宿店,〒160-0023,東京都,03-5339-7688
http://www.biccamera.com/,東京都新宿区西新宿1-5-1,ビックカメラ新宿西口店,〒160-8001,東京都,03-5326-1112
http://www.kinokuniya.co.jp/,東京都新宿区新宿3-17-7,紀伊國屋書店新宿本店,〒162-0022,東京都,03-3354-0131
http://www.book1st.net/shops/tok_b33.html,東京都中野区中野4-3-1 中野ｻﾝｸｫｰﾚ1F･2F,ブックファースト中野店,〒164-0001,東京都,03-3319-5161
http://honto.jp/store/detail_1500162_14HB330.html,東京都中野区本町2-46-1 中野坂上ｻﾝﾌﾞﾗｲﾄﾂｲﾝ1F,文教堂書店中野坂上店,〒164-0012,東京都,03-5358-5285
http://www.horindo.co.jp/,東京都新宿区高田馬場1-26-5 FIﾋﾞﾙ,芳林堂書店高田馬場店,〒169-0075,東京都,03-3208-0241
http://www.biccamera.com/,東京都豊島区東池袋1-6-7,ビックカメラビックパソコン館池袋本店,〒170-0013,東京都,03-5956-1111
http://www.asahiya.com/shop/index.asp,東京都豊島区西池袋1-1-25 東武百貨店池袋店ﾌﾟﾗｻﾞ館7F,旭屋書店池袋店,〒171-0021,東京都,03-3986-0311
http://www.books-sanseido.co.jp/,東京都豊島区南池袋1-28-1 西武池袋本店書籍館･別館,三省堂書店池袋本店,〒171-0022,東京都,03-6864-8900
http://honto.jp/store/detail_1570019_14HB320.html,東京都豊島区南池袋2-15-5,ジュンク堂書店池袋本店,〒171-0022,東京都,03-5956-6111
http://honto.jp/store/detail_1570139_14HB320.html,東京都練馬区東大泉1-28-1 ｸﾞﾗﾝｴﾐｵ3F,ジュンク堂書店大泉学園店,〒178-0063,東京都,03-5947-3955
http://www.yodobashi.com/,東京都武蔵野市吉祥寺本町1-19-1,ヨドバシカメラ吉祥寺店,〒180-0004,東京都,0422-29-1010
http://honto.jp/store/detail_1570063_14HB320.html,東京都武蔵野市吉祥寺本町1-11-5 ｺﾋﾟｽ吉祥寺6F･7F,ジュンク堂書店吉祥寺店,〒180-0004,東京都,0422-28-5333
http://www.books-ruhe.co.jp/,東京都武蔵野市吉祥寺本町1-14-3,ブックス・ルーエ,〒180-0004,東京都,0422-22-5677
http://www.keibundo.co.jp/,東京都三鷹市下連雀3-35-1 三鷹ｺﾗﾙ3F,啓文堂書店三鷹店,〒181-0013,東京都,0422-79-5840
http://www.geocities.jp/books_shogen/,東京都調布市西つつじｹ丘3-37-2 横田ﾌｧｲﾌﾞB1F,書原つつじヶ丘店,〒182-0006,東京都,0424-81-6421
http://www.kumabook.net/,東京都調布市布田4-4-22 ﾄﾘｴ京王調布A館4F,くまざわ書店調布店,〒182-0024,東京都,042-490-2052
http://shinkosyoten.co.jp/c12786.html,東京都調布市布田1-36-8,真光書店本店,〒182-0024,東京都,0424-87-2222
http://www.keibundo.co.jp/,東京都府中市府中町1-2-1 京王府中SC駅ﾋﾞﾙ1F,啓文堂書店府中本店,〒183-0055,東京都,042-366-3151
http://www.kumabook.net/,東京都小金井市本町5-11-2 MEGAﾄﾞﾝ･ｷﾎｰﾃ武蔵小金井駅前店B1F,くまざわ書店武蔵小金井店,〒184-0004,東京都,042-385-2351
http://www.kinokuniya.co.jp/,東京都国分寺市南町3-20-3 CELEO国分寺8F,紀伊國屋書店国分寺店,〒185-0021,東京都,042-325-3991
http://www.biccamera.com/,東京都立川市曙町2-12-2,ビックカメラ立川店,〒190-0012,東京都,042-548-1112
http://www.orionshobo.com/,東京都立川市曙町2-42-1 ﾊﾟｰｸｱﾍﾞﾆｭｰ3F,オリオン書房ノルテ店,〒190-0012,東京都,042-522-1231
http://www.miraiyashoten.co.jp/,東京都西多摩郡日の出町平井三吉野桜木557 ｲｵﾝﾓｰﾙ日の出1F,未来屋書店日の出店,〒190-0182,東京都,042-597-6255
http://honto.jp/store/detail_1500219_14HB330.html,東京都立川市曙町2-39-3 立川高島屋6階,ジュンク堂書店立川高島屋店,〒190-8507,東京都,042-512-9910
http://www.kinokuniya.co.jp/,東京都日野市程久保2-1-1,紀伊國屋書店明星大学ブックセンター,〒191-0042,東京都,042-599-7121
http://www.yurindo.co.jp/,東京都八王子市旭町1-1,有隣堂八王子店,〒192-0083,東京都,042-655-2311
http://www.kumabook.net/,東京都八王子市旭町2-11,くまざわ書店本店,〒192-0083,東京都,0426-25-1201
http://www.yurindo.co.jp/,東京都八王子市片倉町1404-1,有隣堂八王子購買部,〒192-8550,東京都,0426-35-5060
http://www.hisamido.co.jp/,東京都町田市原町田6-11-10,久美堂本店,〒194-0013,東京都,042-725-1330
http://www.yodobashi.com/,東京都町田市原町田1-1-11,ヨドバシカメラ町田駅前店,〒194-0013,東京都,042-721-1010
http://www.yurindo.co.jp/,東京都町田市原町田6-2-6 町田ﾓﾃﾞｨ8F,有隣堂町田モディ店,〒194-0013,東京都,042-739-5231
http://www.bookstama.com/,東京都羽村市栄町1-3-11,ブックス・タマ小作店,〒205-0002,東京都,042-555-3904
http://www.kumabook.net/,東京都多摩市関戸1-11-1 聖蹟桜ヶ丘ｼｮｯﾋﾟﾝｸﾞｾﾝﾀｰA館7F,アカデミアくまざわ書店桜ヶ丘店,〒206-0011,東京都,042-337-2531
http://www.keibundo.co.jp/,東京都多摩市落合丁目10-1 京王ｸﾗｳﾝ街2F,啓文堂書店多摩センター店,〒206-0033,東京都,042-372-2288
http://honto.jp/store/detail_1570067_14HB310.html,東京都多摩市落合1-46-1 多摩ｾﾝﾀｰ三越5F,丸善多摩センター店,〒206-0033,東京都,042-355-3220
http://www.coachandfour.ne.jp/,東京都稲城市若葉台2-9-2,コーチャンフォー若葉台店,〒206-0824,東京都,042-350-2800
http://www.orionshobo.com/,東京都武蔵村山市榎1-1-3-3011 ｲｵﾝﾓｰﾙむさし村山ﾐｭｰ3F,オリオン書房むさし村山店,〒208-0022,東京都,042-567-6911
http://www.yodobashi.com/,神奈川県川崎市川崎区日進町1-11 ﾙﾌﾛﾝ3F･4F,ヨドバシカメラマルチメディア川崎ルフロン,〒210-0024,神奈川県,044-223-1010
,神奈川県川崎市川崎区殿町3-25-1,ヨドバシカメラＹＡＣ川崎,〒210-0821,神奈川県,044-281-1010
http://www.books-sumiyoshi.co.jp/,神奈川県川崎市中原区上小田中4-2-1 ﾋﾞｰﾝｽﾞ武蔵中原2F,住吉書房武蔵中原店,〒211-0053,神奈川県,044-753-5678
http://honto.jp/store/detail_1572300_14HB310.html,神奈川県川崎市幸区堀川町72-1 ﾗｿﾞｰﾅ川崎ﾌﾟﾗｻﾞ1階,丸善ラゾーナ川崎店,〒212-8576,神奈川県,044-520-1869
http://honto.jp/store/detail_1500235_14HB330.html,神奈川県川崎市高津区久本3-1-28,文教堂書店溝ノ口本店,〒213-0011,神奈川県,044-812-0063
http://yushodo.maruzen.co.jp/,神奈川県川崎市多摩区東三田1-1-1 明治大学生田校舎内,丸善ブックセンター明治大学生田店,〒214-8571,神奈川県,044-920-6253
http://www.yodobashi.com/,神奈川県横浜市西区北幸1-2-7,ヨドバシカメラマルチメディア横浜店,〒220-0004,神奈川県,045-313-1010
http://www.yurindo.co.jp/,神奈川県横浜市西区南幸1-4-B1F,有隣堂横浜駅西口店,〒220-0005,神奈川県,045-311-6265
https://honto.jp/store/detail_1570191_14HB310.html,神奈川県横浜市西区みなとみらい2-3-2 みなとみらい東急ｽｸｴｱ3階,丸善横浜みなとみらい店,〒220-0012,神奈川県,045-323-9660
http://www.kumabook.net/,神奈川県横浜市西区みなとみらい2-2-1 ﾗﾝﾄﾞﾏｰｸﾌﾟﾗｻﾞ5F,くまざわ書店ランドマーク店,〒220-8105,神奈川県,045-683-1021
http://www.kinokuniya.co.jp/,神奈川県横浜市西区高島2-18-1 そごう横浜店7F,紀伊國屋書店横浜店,〒220-8510,神奈川県,045-450-5901
http://www.ku-coop.org/w/index.html,神奈川県横浜市神奈川区六角橋4-7-3,神奈川大学生協,〒221-0802,神奈川県,045-481-4012
http://www.books-sanseido.co.jp/,神奈川県横浜市港北区新横浜2-100-45 ｷｭｰﾋﾞｯｸﾌﾟﾗｻﾞ新横浜8F,三省堂新横浜店,〒222-0033,神奈川県,045-478-5520
http://www.kumabook.net/,神奈川県横浜市港北区綱島東4-3-17 ｱﾋﾟﾀﾃﾗｽ横浜綱島2F 219区画,くまざわ書店アピタテラス横浜綱島店,〒223-0052,神奈川県,045-533-4072
http://www.tenichi-books.com/index.shtml,神奈川県横浜市港北区日吉2-1-1 日吉東急百貨店南館3F,天一書房日吉店,〒223-0061,神奈川県,045-565-0211
http://www.kumabook.net/,神奈川県横浜市都筑区中川中央1-25-1 ﾉｰｽﾎﾟｰﾄﾓｰﾙ3F,アカデミア港北店,〒224-0003,神奈川県,045-914-3320
http://www.kinokuniya.co.jp/,神奈川県横浜市都筑区池辺町4035-1 ららぽｰと横浜3F 35090,紀伊國屋書店ららぽーと横浜店,〒224-0053,神奈川県,045-938-4481
http://www.book1st.net/,神奈川県横浜市青葉区青葉台2-1-1 青葉台東急ｽｸｴｱSouth-1別館,ブックファースト青葉台店,〒227-8555,神奈川県,045-989-1781
http://www.yurindo.co.jp/,神奈川県横浜市中区伊勢佐木町1-4-1,有隣堂本店書籍館,〒231-8623,神奈川県,045-261-1231
http://www.yodobashi.com/,神奈川県横浜市港南区上大岡西1-6-1 京急百貨店8F,ヨドバシカメラ京急上大岡店,〒233-0002,神奈川県,045-845-1010
http://www.aoishoten.co.jp/index.html,神奈川県横浜市港南区上大岡西1-18-3 ﾘｽﾄｶﾞｰﾃﾞﾝｽｸｴｱ3F,あおい書店上大岡店,〒233-0002,神奈川県,045-846-1836
http://www.kumabook.net/,神奈川県横浜市旭区二俣川2-50-14 JOINUS TERRACE5F,くまざわ書店ジョイナステラス二俣川店,〒241-0821,神奈川県,045-360-1177
http://www.yurindo.co.jp/,神奈川県厚木市中町2-6 三成ほていやﾋﾞﾙ,有隣堂厚木店,〒243-0018,神奈川県,046-223-4111
http://www.yurindo.co.jp/,神奈川県横浜市戸塚区戸塚町10 戸塚ﾓﾃﾞｨ4F,有隣堂戸塚モディ店,〒244-0003,神奈川県,045-881-2661
http://www.yurindo.co.jp/,神奈川県藤沢市辻堂神台1-3-1 ﾃﾗｽﾓｰﾙ湘南4F,有隣堂テラスモール湘南店,〒251-0047,神奈川県,0466-38-2121
http://honto.jp/store/detail_1570045_14HB320.html,神奈川県藤沢市藤沢559 ﾋﾞｯｸｶﾒﾗ7F･8F,ジュンク堂書店藤沢店,〒251-0052,神奈川県,0466-52-1211
http://www.yurindo.co.jp/,神奈川県藤沢市南藤沢2-1-1 名店ﾋﾞﾙ内,有隣堂藤沢店,〒251-0055,神奈川県,0466-26-1411
http://www.kumabook.net/,神奈川県相模原市緑区大山町1-22 ｱﾘｵ橋本店1F,ACADEMIAくまざわ書店橋本店,〒252-0146,神奈川県,042-700-7020
http://www.book1st.net/,神奈川県相模原市南区相模大野3-2-1 ﾎﾞｰﾉ相模大野4F,ブックファーストボーノ相模大野店,〒252-0303,神奈川県,042-702-3555
http://www.kumabook.net/,神奈川県相模原市南区相模大野3-8-1 相模大野ｽﾃｰｼｮﾝｽｸｴｱA棟6F,くまざわ書店相模大野店,〒252-0303,神奈川県,042-767-1285
http://www.kinokuniya.co.jp/,神奈川県平塚市土屋2946 神奈川大学平塚ｷｬﾝﾊﾟｽ厚生棟内,紀伊國屋書店神奈川大学ブックセンター,〒259-1205,神奈川県,0463-59-4010
http://www.kinokuniya.co.jp/,神奈川県平塚市北金目1117 東海大学8号館内,紀伊國屋書店東海大学ブックセンター,〒259-1207,神奈川県,0463-50-1250
http://www.todabooks.co.jp/,新潟県長岡市堺町字浦田33-1,戸田書店長岡店,〒940-2024,新潟県,0258-22-5911
,新潟県長岡市上富岡町1603-1 長岡技術大学売店,文信堂書店技大店,〒940-2137,新潟県,0258-46-6437
http://honto.jp/store/detail_1570038_14HB320.html,新潟県新潟市中央区笹口1-1 ﾌﾟﾗｰｶ1 1F･B1F,ジュンク堂書店新潟店,〒950-0911,新潟県,025-374-4411
http://chiyudo.com/chiyu/kame/,新潟県新潟市西区亀貝521番地,知遊堂亀貝店,〒950-2033,新潟県,025-211-1858
http://chiyudo.com/chiyu/sanjo/,新潟県三条市荒町2-25-4,知遊堂三条店,〒955-0083,新潟県,0256-36-7171
http://www.kinokuniya.co.jp/,富山県富山市総曲輪3-8-6 総曲輪ﾌｪﾘｵ7F,紀伊國屋書店富山店,〒930-0083,富山県,076-491-7031
http://www.bunendo.com/,富山県豊田町2-8-14,文苑堂書店富山豊田店,〒931-8313,富山県,076-433-8150
http://www.bunendo.com/,富山県高岡市福田43,文苑堂書店福田本店,〒933-0829,富山県,0766-27-7800
http://books-nakada.co.jp/,富山県富山市掛尾町180-1,BOOKSなかだ本店専門書館,〒939-8212,富山県,076-492-1197
http://www.bunendo.com/,石川県金沢市示野町80街区1,文苑堂書店示野本店,〒920-0059,石川県,076-267-7007
http://www.utsunomiya.co.jp/,石川県金沢市香林坊2-1-1 香林坊東急ｽｸｴｱBF,うつのみや金沢香林坊店,〒920-0961,石川県,076-234-8111
http://www.meibundo-books.co.jp/,石川県金沢市鞍月5-158,明文堂書店金沢ビーンズ店,〒920-8203,石川県,076-239-4400
http://www.katsuki-books.jp/,石川県金沢市大桑3-176,SuperKaBoS大桑店,〒921-8045,石川県,076-226-1170
https://www.kit-group.jp/access/,石川県野々市市扇が丘7-1 金沢工業大学内,KITブックセンター,〒921-8501,石川県,076-248-4454
http://www.meibundo-books.co.jp/,石川県野々市市栗田5-461,明文堂書店金沢野々市店,〒921-8825,石川県,076-294-0930
http://www.meibundo-books.co.jp/,石川県小松市沖周辺土地区画整理事業施工地区内4街区,明文堂書店小松ツリーズ,〒923-0000,石川県,0761-23-4280
http://www.katsuki-books.jp/,福井県福井市中央1-4-18,勝木書店本店,〒910-0006,福井県,0776-24-0428
http://www.kinokuniya.co.jp/,福井県福井市中央1-9-20 福井西武新館5F,紀伊國屋書店福井店,〒910-0006,福井県,0776-28-9851
http://www.katsuki-books.jp/,福井県福井市二の宮5-18-8,勝木書店新二の宮店,〒910-0015,福井県,0776-27-4678
http://honto.jp/store/detail_1570071_14HB320.html,山梨県甲府市丸の内1-21-15 岡島百貨店6F,ジュンク堂書店岡島甲府店,〒400-8660,山梨県,055-231-0606
http://www.todabooks.co.jp/,山梨県中央市下河東400 ﾛｯｸﾀｳﾝ山梨中央内,戸田書店山梨中央店,〒409-3821,山梨県,055-278-6811
http://www.heiando.co.jp/,長野県長野市南千歳1-1-1 ながの東急別館ｼｪﾙｼｭ内,平安堂新長野店,〒380-8539,長野県,026-224-4550
http://www.heiando.co.jp/,長野県上田市神畑502-1 ｸﾞﾘｰﾝﾊﾟｰｸしおだ野内,平安堂上田しおだ野店,〒386-1103,長野県,0268-29-5254
http://www.miyawakishoten.com/,長野県松本市出川2丁目3-1,宮脇書店松本店,〒390-0827,長野県,0263-24-2435
http://honto.jp/store/detail_1570074_14HB310.html,長野県松本市深志1-3-11 ｺﾝｸﾞﾛM･B1F･1F･2F,丸善松本店,〒390-8507,長野県,0263-31-8171
http://honto.jp/store/detail_1570143_14HB310.html,岐阜県岐阜市正木中1-2-1 ｲｵﾝﾓｰﾙﾏｰｻ21 3F,丸善岐阜店,〒502-0882,岐阜県,058-297-7008
http://www.culcos.com/branch.php,岐阜県岐阜市菅生8-7-21,カルコス岐阜本店,〒502-0914,岐阜県,058-294-7500
http://www.culcos.com/branch.php,岐阜県各務原市小佐野町1-11,カルコス各務原店,〒502-0942,岐阜県,0583-89-7500
http://www.kumabook.net/,岐阜県大垣市林町6-80-21 ｱｸｱｳｫｰｸ大垣2F,アカデミア大垣店,〒503-0015,岐阜県,0584-77-6450
http://www.blg.co.jp/kikuya/,岐阜県大垣市三塚町丹瀬463-1 ﾛｯｸｼﾃｨ大垣ｼｮｯﾋﾟﾝｸﾞｾﾝﾀｰ2F,喜久屋書店大垣店,〒503-0808,岐阜県,0584-77-1717
http://www.todabooks.co.jp/,静岡県富士市永田町2-66,戸田書店富士店,〒417-0055,静岡県,0545-51-5121
http://honto.jp/store/detail_1570070_14HB320.html,静岡県静岡市葵区鷹匠1-1-1 新静岡ｾﾉﾊﾞ5F,MARUZEN＆ジュンク堂書店新静岡店,〒420-0839,静岡県,054-275-2777
http://www.todabooks.co.jp/,静岡県静岡市葵区紺屋町17-1,戸田書店静岡本店,〒420-0852,静岡県,054-205-6111
http://www.todabooks.co.jp/,静岡県静岡市清水区江尻台町22-33,戸田書店江尻台店,〒424-0044,静岡県,054-361-3511
http://www.yajimaya.co.jp/,静岡県浜松市中区砂山町6-1 浜松ﾒｲﾜﾝ8F,谷島屋浜松本店,〒430-0926,静岡県,053-457-4165
http://www.yajimaya.co.jp/,静岡県浜松市西区志都呂2丁目37番地1号,谷島屋イオンモール浜松志都呂店,〒432-8069,静岡県,053-415-1341
http://www.yajimaya.co.jp/,静岡県浜松市浜北区平口2861 ｻﾝｽﾄﾘｰﾄ浜北1F,谷島屋サンストリート浜北店,〒434-0041,静岡県,053-584-3025
http://www.yajimaya.co.jp/,静岡県磐田市高見丘1200 ららぽｰと磐田1F,谷島屋ららぽーと磐田店,〒438-0801,静岡県,0538-59-0358
http://www.seibunkan.co.jp/,愛知県豊橋市広小路1-6,精文館書店本店,〒440-8517,愛知県,0532-54-2345
http://www.seibunkan.co.jp/,愛知県豊橋市天伯町雲雀ヶ丘1-1 豊橋技術科学大学内,精文館書店技科大店,〒441-8580,愛知県,0532-47-0624
http://www.books-imagine.com/,愛知県岡崎市羽根町小豆坂3,TSUTAYAウイングタウン岡崎店,〒444-0814,愛知県,0564-72-5080
http://www.hon-oukoku.com/,愛知県刈谷市若松町2-101 みなくる刈谷2F,本の王国刈谷店,〒448-0858,愛知県,0566-28-0833
http://honto.jp/store/detail_1570031_14HB320.html,愛知県名古屋市中村区名駅3-25-9 堀内ﾋﾞﾙ1F,ジュンク堂書店名古屋店,〒450-0002,愛知県,052-589-6321
http://www.books-sanseido.co.jp/,愛知県名古屋市中村区名駅1-1-3 ﾀｶｼﾏﾔｹﾞｰﾄﾀﾜｰﾓｰﾙ8F,三省堂書店名古屋本店,〒450-6608,愛知県,052-566-6801
http://www.biccamera.com/,愛知県名古屋市中村区椿町6-9,ビックカメラ名古屋駅西店,〒453-0015,愛知県,052-459-1111
http://www.miraiyashoten.co.jp/,愛知県名古屋市緑区大高町字奥平子1-1,未来屋書店大高店,〒459-8001,愛知県,052-624-4061
http://honto.jp/store/detail_1570153_14HB320.html,愛知県名古屋市中区新栄町1丁目1 明治安田生命名古屋ﾋﾞﾙ地下1.2階,ジュンク堂書店名古屋栄店,〒460-0004,愛知県,052-212-5360
http://honto.jp/store/detail_1570138_14HB310.html,愛知県名古屋市中区栄3-8-14,丸善名古屋本店,〒460-0008,愛知県,052-238-0320
http://honto.jp/store/detail_1570053_14HB320.html,愛知県名古屋市中区栄3-18-1 ﾅﾃﾞｨｱﾊﾟｰｸﾋﾞｼﾞﾈｽｾﾝﾀｰﾋﾞﾙ7F,ジュンク堂書店ロフト名古屋店,〒460-0008,愛知県,052-249-5592
http://www.sanyodo.co.jp/,愛知県名古屋市中区大須3-10-16,三洋堂書店上前津店,〒460-0011,愛知県,052-251-8334
http://yushodo.maruzen.co.jp/,愛知県名古屋市昭和区八雲町74,丸善南山大学名古屋売店,〒466-0823,愛知県,052-838-5566
http://www.sanyodo.co.jp/,愛知県名古屋市瑞穂区新開町18-22,三洋堂書店新開橋店,〒467-0856,愛知県,052-871-3934
http://chikusashobunkan.jimdo.com/%E4%BC%9A%E7%A4%BE%E6%A6%82%E8%A6%81/,愛知県名古屋市天白区塩釜口1-501 名城大学天白ｷｬﾝﾊﾟｽ校4号館内,ちくさ正文館書店BOOKSHOP,〒468-8502,愛知県,052-833-8215
http://www.kinokuniya.co.jp/,愛知県豊田市八草町八千草1247 愛知工業大学内,紀伊國屋書店愛工大ブックセンター,〒470-0356,愛知県,0565-43-1025
http://www.seibunkan.co.jp/,愛知県豊田市広路町1-15,精文館書店新豊田店,〒471-0864,愛知県,0565-33-3322
http://www.kinokuniya.co.jp/,愛知県西春日井郡豊山町豊場林先1-8 ｴｱﾎﾟｰﾄｳｫｰｸ名古屋401,紀伊國屋書店名古屋空港店,〒480-0288,愛知県,0568-39-3851
http://www.miraiyashoten.co.jp/,愛知県長久手市長久手中央土地区画整理事業地内 5-10-11街区 ｲｵﾝﾓｰﾙ長久手4F,未来屋書店長久手店,〒480-1100,愛知県,0561-64-5722
http://www.culcos.com/branch.php,愛知県小牧市堀の内5-144,カルコス小牧店,〒485-0046,愛知県,0568-77-7511
http://yushodo.maruzen.co.jp/,愛知県春日井市松本町1200,丸善中部大学売店,〒487-0027,愛知県,0568-51-1204
http://www.miyawakishoten.com/,三重県四日市市安島1-3-31 ﾗﾗｽｸｴｱ四日市4F,宮脇書店四日市本店,〒510-0075,三重県,0593-59-5910
http://honto.jp/store/detail_1570117_14HB310.html,三重県四日市市諏訪栄町7-34 近鉄百貨店四日市店 B1F,丸善四日市店,〒510-8585,三重県,059-359-2340
http://www.miraiyashoten.co.jp/,三重県鈴鹿市庄野羽山4-1-2 ｲｵﾝﾓｰﾙ鈴鹿2階,未来屋書店鈴鹿店,〒513-0834,三重県,059-375-0617
http://yushodo.maruzen.co.jp/,滋賀県大津市瀬田大江町横谷1-5,丸善龍谷大学瀬田売店,〒520-2123,滋賀県,077-543-5135
http://www.books-ogaki.co.jp/,滋賀県大津市一里山7-1-1 ﾌｫﾚｵ大津一里山1F,大垣書店大津一里山店,〒520-2153,滋賀県,077-547-1020
http://honto.jp/store/detail_1570133_14HB320.html,滋賀県草津市大路1-1-1 ｶﾞｰﾃﾞﾝｼﾃｨ草津B1F,ジュンク堂書店滋賀草津店,〒525-0032,滋賀県,077-569-5553
http://www.blg.co.jp/kikuya/,滋賀県草津市新浜町300 ｲｵﾝﾓｰﾙ草津2F,喜久屋書店草津店,〒525-0067,滋賀県,077-516-1118
http://honto.jp/store/detail_1570007_14HB320.html,京都府京都市下京区四条通柳馬場東入ﾙ立売東町20-1,ジュンク堂書店京都店,〒600-8005,京都府,075-252-0101
http://www.books-ogaki.co.jp/,京都府京都市下京区四条通り室町東入函谷鉾町78 SUINA室町1F,大垣書店京都本店,〒600-8009,京都府,075-746-2211
http://www.yodobashi.com/,京都府京都市下京区烏丸通七条下ﾙ東塩小路町590-2 ﾖﾄﾞﾊﾞｼ京都ﾋﾞﾙ,ヨドバシカメラマルチメディア京都店,〒600-8216,京都府,075-351-1010
http://www.books-ogaki.co.jp/,京都府京都市下京区烏丸通七条下ﾙ東塩小路町702 ﾖﾄﾞﾊﾞｼ京都ﾋﾞﾙ6F,大垣書店ヨドバシ京都店,〒600-8216,京都府,075-371-1700
http://www.amigoshoten.co.jp/,京都府京都市南区東九条西山王町31 ｱﾊﾞﾝﾃｨﾋﾞﾙ内ﾌｨｽﾐｰ京都店6F,アバンティ･ブックセンター,〒601-8003,京都府,075-671-8987
http://www.books-ogaki.co.jp/,京都府京都市南区久世高田町376番 ｲｵﾝﾓｰﾙ京都桂川1F,大垣書店イオンモール京都桂川店,〒601-8211,京都府,075-925-1717
http://www.books-ogaki.co.jp/,京都府京都市南区八条通西洞院下ﾙ九条鳥居口町 ｲｵﾝﾓｰﾙKYOTO Kaede館2F,大垣書店イオンモールＫＹＯＴＯ店,〒601-8417,京都府,075-692-3331
http://www.kinokuniya.co.jp/,京都府京都市北区上賀茂本山 京都産業大学売店,紀伊國屋書店京都産業大学ブックセンター,〒603-8555,京都府,075-708-1356
http://honto.jp/store/detail_1570144_14HB310.html,京都府京都市中京区河原町通三条下ﾙ2丁目山崎町 251 京都BAL店内B1F~B2F,丸善京都本店,〒604-8031,京都府,075-253-1599
http://www.kumabook.net/,京都府相楽郡精華町精華台9-2-4 ﾕｰﾀｳﾝけいはんな西館1F,アカデミアけいはんな店,〒619-0238,京都府,0774-98-4053
http://honto.jp/store/detail_1570022_14HB320.html,大阪府大阪市北区堂島1-6-20 堂島ｱﾊﾞﾝｻﾞ3F,ジュンク堂書店大阪本店,〒530-0003,大阪府,06-4799-1090
http://www.yodobashi.com/,大阪府大阪市北区大深町1-1,ヨドバシカメラ梅田店,〒530-0011,大阪府,06-4802-1010
http://www.kinokuniya.co.jp/,大阪府大阪市北区大深町4-20 ｸﾞﾗﾝﾌﾛﾝﾄ大阪店ｼｮｯﾌﾟ&ﾚｽﾄﾗﾝ南館6F,紀伊國屋書店グランフロント大阪店,〒530-0011,大阪府,06-7730-8451
http://www.kinokuniya.co.jp/,大阪府大阪市北区芝田1-1-3 阪急三番街,紀伊國屋書店梅田本店,〒530-0012,大阪府,06-6372-5821
http://honto.jp/store/detail_1570065_14HB320.html,大阪府大阪市北区茶屋町7-20 ﾁｬｽｶ茶屋町B1F~7F,MARUZEN＆ジュンク堂書店梅田店,〒530-0013,大阪府,06-6292-7383
http://honto.jp/store/detail_1570021_14HB320.html,大阪府大阪市中央区天満橋京町1-1 京阪ｼﾃｨﾓｰﾙ7F,ジュンク堂書店天満橋店,〒540-0032,大阪府,06-6920-3730
http://www.kinokuniya.co.jp/,大阪府大阪市中央区安土町2-3-13 大阪国際ﾋﾞﾙﾃﾞｨﾝｸﾞ1F,紀伊國屋書店本町店,〒541-0052,大阪府,06-4705-4556
http://www.asahiya.com/shop/index.asp,大阪府大阪市中央区難波5-1-60 なんばCITY B2,旭屋書店なんばCITY店,〒542-0076,大阪府,06-6644-2551
https://www.kinokuniya.co.jp/,大阪府大阪市天王寺区悲田院町10-39 天王寺ﾐｵ 本館9F,紀伊國屋書店天王寺ミオ店,〒543-0055,大阪府,06-6776-7091
http://www.blg.co.jp/kikuya/,大阪府大阪市阿倍野区阿倍野筋1-5-31 ｱﾎﾟﾛﾋﾞﾙ2F,喜久屋書店阿倍野店,〒545-0052,大阪府,06-6634-8606
http://honto.jp/store/detail_1570127_14HB320.html,大阪府大阪市阿倍野区阿倍野筋1-1-43 あべのﾊﾙｶｽ近鉄本店ｳｲﾝｸﾞ館7F･8F,ジュンク堂書店近鉄あべのハルカス店,〒545-8545,大阪府,06-6626-2151
http://honto.jp/store/detail_1570052_14HB320.html,大阪府大阪市浪速区湊町1-2-3 ﾏﾙｲﾄ難波ﾋﾞﾙ,ジュンク堂書店難波店,〒556-0017,大阪府,06-4396-4771
http://tamurabook.jp/,大阪府豊中市新千里東町1-3-321 せんちゅうﾊﾟﾙ3F･4F,田村書店千里中央店,〒560-0082,大阪府,06-6831-5657
http://www.kandai.ne.jp/coop/,大阪府吹田市千里山東3-10-1,関西大学生協吹田店,〒565-0842,大阪府,06-6368-7548
http://www.kandai.ne.jp/coop/,大阪府高槻市霊仙寺町2-1-1,関西大学生協高槻店,〒569-1052,大阪府,072-699-0275
http://www.kinokuniya.co.jp/,大阪府高槻市白梅町4-1 高槻ｵｰﾛﾗﾓｰﾙ5F,紀伊國屋書店高槻店,〒569-1196,大阪府,072-686-1195
http://www.miraiyashoten.co.jp/,大阪府守口市大日東町1-18 ｲｵﾝ大日ｼｮｯﾋﾟﾝｸﾞｾﾝﾀｰ3F,未来屋書店大日店,〒570-0016,大阪府,06-6900-6030
,大阪府堺市堺区三国ヶ丘御幸通59 堺高島屋4階,丸善高島屋堺店,〒590-0028,大阪府,072-225-0930
http://www.miraiyashoten.co.jp/,大阪府泉南市りんくう南浜3-12 ｲｵﾝﾓｰﾙ泉南2階,未来屋書店りんくう泉南店,〒590-0535,大阪府,072-482-0517
http://honto.jp/store/detail_1570001_14HB320.html,兵庫県神戸市中央区三宮町1-6-18,ジュンク堂書店三宮店,〒650-0021,兵庫県,078-392-1001
http://www.books-ogaki.co.jp/,兵庫県神戸市中央区東川崎町1 umie NORTH MALL5階,大垣書店ハーバーランドumie店,〒650-0044,兵庫県,078-382-7112
http://honto.jp/store/detail_1570002_14HB320.html,兵庫県神戸市中央区雲井通6-1-15 ｻﾝｼﾃｨﾋﾞﾙ7F,ジュンク堂書店三宮駅前店,〒651-0096,兵庫県,078-252-0777
http://www.blg.co.jp/kikuya/,兵庫県神戸市北区上津台8-1-1 ｲｵﾝﾓｰﾙ神戸北2F,喜久屋書店北神戸店,〒651-1515,兵庫県,078-983-3755
http://honto.jp/store/detail_1570027_14HB320.html,兵庫県西宮市北口町1-1 ｱｸﾀ西宮西館4F,ジュンク堂書店西宮店,〒663-8035,兵庫県,0798-68-6300
http://www.book1st.net/,兵庫県西宮市高松町14-2-405 阪急西宮ｶﾞｰﾃﾞﾝｽﾞ4F,ブックファースト阪急西宮ガーデンズ店,〒663-8204,兵庫県,0798-62-6103
http://honto.jp/store/detail_1570026_14HB320.html,兵庫県姫路市豆腐町222 ﾌﾟﾘｴ姫路2F,ジュンク堂書店姫路店,〒670-0914,兵庫県,0792-21-8280
https://honto.jp/store/detail_1570165_14HB320.html,兵庫県明石市大明石1-6-1 ﾊﾟﾋﾟｵｽあかし2階,ジュンク堂書店明石店,〒673-0891,兵庫県,078-918-6670
http://www.kinokuniya.co.jp/,兵庫県加古川市加古川町篠原町三ﾂ升21-8 ﾔﾏﾄﾔｼｷ加古川店6F,紀伊國屋書店加古川店,〒675-0065,兵庫県,0794-27-3311
http://honto.jp/store/detail_1570160_14HB320.html,奈良県奈良市西大寺東町2-4-1 ならﾌｧﾐﾘｰ専門店街4階,ジュンク堂書店奈良店,〒631-0821,奈良県,0742-36-0801
http://www.blg.co.jp/kikuya/,奈良県橿原市曲川町7-20-1 ｲｵﾝﾓｰﾙ橿原ｱﾙﾙ3F,喜久屋書店橿原店,〒634-0837,奈良県,0744-20-3151
http://www.blg.co.jp/kikuya/,奈良県大和郡山市下三橋町741 ｲｵﾝﾓｰﾙ大和郡山2F,喜久屋書店大和郡山店,〒639-1101,奈良県,0743-55-2200
http://www.okuwa.net/gardenpark/,和歌山県和歌山市松江字向鵜ﾉ島1469-1,TSUTAYA WAYガーデンパーク和歌山店,〒640-8421,和歌山県,073-480-5900
http://www.imaibooks.co.jp/,鳥取県鳥取市叶310,今井書店吉成店,〒680-0874,鳥取県,0857-51-7020
http://www.imaibooks.co.jp/,鳥取県米子市新開2-3-10,本の学校 今井ブックセンター,〒683-0801,鳥取県,0859-31-5000
http://www.imaibooks.co.jp/,島根県松江市田和山町88,今井書店グループセンター店,〒690-0058,島根県,0852-20-8811
http://honto.jp/store/detail_1576960_14HB310.html,岡山県岡山市北区表町1-5-1,丸善岡山シンフォニービル店,〒700-0822,岡山県,086-233-4640
http://www.keibunsha.net/,岡山県岡山市北区下中野377-1,啓文社岡山本店,〒700-0973,岡山県,086-805-1123
http://www.miyawakishoten.com/,岡山県岡山市北区今3-23-103,宮脇書店岡山本店,〒700-0975,岡山県,086-242-2188
http://www.blg.co.jp/kikuya/,岡山県倉敷市水江1 ｲｵﾝ倉敷ｼｮｯﾋﾟﾝｸﾞｾﾝﾀｰ2F,喜久屋書店倉敷店,〒710-0802,岡山県,086-430-5450
http://www.keibunsha.net/,広島県福山市入船町3-1-25 天満屋ﾊﾋﾟｰﾀｳﾝ1F,啓文社福山ポートプラザ店,〒720-8523,広島県,084-971-1211
http://www.futabatosho.co.jp/,広島県福山市明神町1-14-20,フタバ図書ALTI福山本店,〒721-0961,広島県,084-973-8780
http://www.kinokuniya.co.jp/,広島県広島市中区基町6-27 広島ｾﾝﾀｰﾋﾞﾙ6F,紀伊國屋書店広島店,〒730-0011,広島県,082-225-3232
http://honto.jp/store/detail_1570062_14HB310.html,広島県広島市中区胡町5-22 天満屋広島八丁堀店7･8F,丸善広島店,〒730-0021,広島県,082-504-6210
http://www.futabatosho.co.jp/,広島県広島市安佐南区中筋4-11-7,フタバ図書MEGA中筋店,〒731-0122,広島県,082-830-0601
http://www.futabatosho.co.jp/,広島県広島市佐伯区石内東4丁目1番1号1001 THE OUTLETS HIROSHIMA1F,フタバ図書ジアウトレット広島店,〒731-5162,広島県,082-961-5250
http://honto.jp/store/detail_1570023_14HB320.html,広島県広島市南区松原町9-1 福屋広島駅前店10F,ジュンク堂書店広島駅前店,〒732-0822,広島県,082-568-3000
http://www.futabatosho.co.jp/,広島県広島市西区草津南4-7-1,フタバ図書アルパーク店,〒733-0863,広島県,082-270-5730
http://www.futabatosho.co.jp/,広島県安芸郡府中町大須2-1-1-3022,フタバ図書TERA広島府中店,〒735-8588,広島県,082-561-0770
http://www.kumabook.net/,山口県下関市竹崎町4-4-7 ﾀﾞｲｴｰ下関店4F,くまざわ書店下関店,〒750-0025,山口県,0832-28-0401
http://www.kinokuniya.co.jp/,徳島県徳島市寺島本町西1-5 そごう徳島店8F,紀伊國屋書店徳島店,〒770-8511,徳島県,088-602-1611
http://www.miyawakishoten.com/,香川県高松市丸亀町4-8,宮脇書店本店,〒760-0029,香川県,087-851-3733
http://honto.jp/store/detail_1570148_14HB320.html,香川県高松市常磐町1丁目3番地1号 瓦町FLAG7F,ジュンク堂書店高松店,〒760-0054,香川県,087-832-0170
http://www.miyawakishoten.com/,香川県高松市朝日新町3-4,宮脇書店総本店,〒760-0064,香川県,087-823-3152
http://www.miyawakishoten.com/,香川県高松市伏石町146-1,宮脇書店南本店,〒761-8071,香川県,087-869-9361
http://honto.jp/store/detail_1570054_14HB320.html,愛媛県松山市千舟町5-7-1 ｴｽﾊﾟｽ松山内,ジュンク堂書店松山店,〒790-0011,愛媛県,089-915-0075
http://www.tsutaya.co.jp/index.zhtml,高知県高知市中万々809,TSUTAYA中万々店,〒780-0972,高知県,088-875-0320
http://www.kinkohdo.co.jp/,高知県香美市土佐山田町宮ﾉ口185 高知工科大学内,金高堂工科大学売店,〒782-0003,高知県,0887-52-3811
http://www.blg.co.jp/kikuya/,福岡県北九州市小倉北区京町3-1-1 COLET井筒屋/I'm9F,喜久屋書店小倉店,〒802-0002,福岡県,093-514-1400
http://www.sekibunkan.co.jp/,福岡県北九州市小倉北区馬借1-4-7,BCクエスト小倉本店,〒802-0077,福岡県,093-522-3924
http://honto.jp/store/detail_1570028_14HB320.html,福岡県福岡市中央区天神1-10-13 ﾒﾃﾞｨｱﾓｰﾙ天神,ジュンク堂書店福岡店,〒810-0001,福岡県,092-738-3322
http://www.kinokuniya.co.jp/,福岡県福岡市東区和白東3-30-1,紀伊國屋書店福岡工業大学ブックセンター,〒811-0214,福岡県,092-608-5080
http://www.yodobashi.com/,福岡県福岡市博多区博多駅中央街6-12,ヨドバシカメラ博多店,〒812-0012,福岡県,092-471-1010
http://honto.jp/store/detail_1577305_14HB310.html,福岡県福岡市博多区博多駅中央街1-1 博多駅ﾋﾞﾙｱﾐｭﾌﾟﾗｻﾞ8F,丸善博多店,〒812-0012,福岡県,092-413-5401
http://www.kinokuniya.co.jp/,福岡県福岡市博多区博多駅中央街2-1 福岡交通ｾﾝﾀｰﾋﾞﾙ6F,紀伊國屋書店福岡本店,〒812-0012,福岡県,092-434-3100
http://www.kinbun.co.jp/profile/profile.html,福岡県福岡市城南区七隈8-19-1 福岡大学構内,福岡金文堂福岡大学店,〒814-0180,福岡県,092-871-1611
,福岡県福岡市西区元岡744 九州大学内ｳｴｽﾄｿﾞｰﾝ　ﾋﾞｯｸﾞどら,九大生協ビッグどら店,〒819-0385,福岡県,092-834-2310
,福岡県福岡市西区元岡744,九州大学生協伊都皎皎舎店,〒819-0385,福岡県,092-805-7700
,福岡県福岡市西区元岡744 九大生協ｳｴｽﾄ5号館,九州大学生協農学部店,〒819-0395,福岡県,
,福岡県久留米市上津町2228-66,久留米工業大学購買部菊竹金文堂,〒830-0052,福岡県,0942-22-2123
http://www.kinokuniya.co.jp/,福岡県久留米市新合川1-2-1 ゆめﾀｳﾝ久留米2F,紀伊國屋書店久留米店,〒839-0865,福岡県,0942-45-7170
http://www.kinokuniya.co.jp/,佐賀県佐賀市兵庫町兵庫北5丁目14番1号 ゆめﾀｳﾝ佐賀2F,紀伊國屋書店佐賀店,〒849-0919,佐賀県,0952-36-8171
http://www.kinokuniya.co.jp/,長崎県長崎市元船町10-1 夢彩都4F,紀伊國屋書店長崎店,〒850-0035,長崎県,095-811-4919
http://www.metrobooks.co.jp/,長崎県長崎市尾上町1-1 ｱﾐｭﾌﾟﾗｻﾞ長崎3F,メトロ書店本店,〒850-0058,長崎県,095-821-5464
http://www.sannenzaka.jp/,熊本県熊本市中央区安政町1-2 ｶﾘｰﾉ下通2F,蔦屋書店熊本三年坂,〒860-0801,熊本県,096-212-9101
http://www.kinokuniya.co.jp/,熊本県菊池郡菊陽町光の森7-33-1 ゆめﾀｳﾝ光の森本館2F,紀伊國屋書店熊本光の森店,〒869-1108,熊本県,096-233-1700
http://honto.jp/store/detail_1570014_14HB320.html,大分県大分市中央町2-3-4 1階~5階,ジュンク堂書店大分店,〒870-0035,大分県,097-536-8181
http://www.kinokuniya.co.jp/,大分県大分市一木1727,紀伊國屋書店日本文理大学ブックセンター,〒870-0316,大分県,097-593-0955
http://www.miraiyashoten.co.jp/,宮崎県宮崎市新別府町江口862-1 ｲｵﾝﾓｰﾙ宮崎 新館2F,未来屋書店宮崎店,〒880-0834,宮崎県,0985-77-7507
http://kk-misumi.jp/,鹿児島県鹿児島市宇宿2-3-5 ｵﾌﾟｼｱﾐｽﾐ1F,ブックスミスミオプシア,〒890-0073,鹿児島県,099-813-7012
http://honto.jp/store/detail_1570058_14HB320.html,鹿児島県鹿児島市呉服町6-5 ﾏﾙﾔｶﾞｰﾃﾞﾝｽﾞ5F･6F,ジュンク堂書店鹿児島店,〒892-0826,鹿児島県,099-216-8838
http://honto.jp/store/detail_1570050_14HB320.html,沖縄県那覇市牧志1-19-29 Dnaha内,ジュンク堂書店那覇店,〒900-0013,沖縄県,098-860-7175
http://www.todabooks.co.jp/,沖縄県豊見城市豊崎1-420,戸田書店豊見城店,〒901-0225,沖縄県,098-852-2511
